strike,vol
1900,0.684883
1950,0.6548
2000,0.627972
2050,0.604067
2100,0.576923
2150,0.551253
2200,0.526025
2250,0.500435
2300,0.474137
2325,0.461716
2350,0.445709
2375,0.433661
2400,0.42016
2425,0.407463
2450,0.393168
2470,0.381405
2475,0.3793
2480,0.377109
2490,0.372471
2510,0.360294
2520,0.354671
2530,0.350533
2540,0.34419
2550,0.339273
2560,0.333069
2570,0.328206
2575,0.324314
2580,0.322041
2590,0.3168
2600,0.310914
2610,0.305042
2615,0.302416
2620,0.299488
2625,0.29609
2630,0.292378
2635,0.289516
2640,0.28584
2645,0.283342
2650,0.280853
2655,0.277035
2660,0.273715
2665,0.270891
2670,0.267889
2675,0.264533
2680,0.262344
2685,0.258598
2690,0.2555
2695,0.25219
2700,0.249534
2705,0.246659
2710,0.243553
2715,0.240202
2720,0.236588
2725,0.234574
2730,0.230407
2735,0.227866
2740,0.223049
2745,0.219888
2750,0.218498
2755,0.214702
2760,0.210506
2765,0.208175
2770,0.205508
2775,0.199967
2780,0.199007
2785,0.195062
2790,0.190547
2795,0.188427
2800,0.185893
2805,0.182878
2810,0.179292
2815,0.175001
2835,0.185751
2860,0.207173
2900,0.225248
